[{"name":"Matan","begin":"08:15","end":"09:35","day":"Thursday","selected":"week","professor":"Levakov","hall":"521","id":"0be8eb9849e07a6ff611e7f7","lessonId":"50fde1cb4ac22832af4cacb17a7bd3d32c0ae299bc9febe06b5ce7c132","_id":"381c14cf330d43bcb4837628dd9d2fba"},{"name":"Matan","begin":"09:45","end":"11:05","day":"Friday","selected":"week","professor":"Levakov","hall":"605","id":"0be8eb9849e07a6ff611e7f7","lessonId":"50fde1cb4ac22832af4cacb17a7bd3d32c0ae299bc9febe06b5ce7c132","_id":"07e3a3e5fd6d4c75bc2c33dfbd97bc62"},{"name":"wejknweg","begin":"12:34","end":"12:04","day":"Monday","selected":"week","professor":"wnjnenwjf","hall":"321","id":"07feebc21699283ddb12a4e02476cbd62551","lessonId":"50a8e2964ac27238aa43f0b87f22d6d12e5ee29ab89ce8e71409a4963f317b40818cc16bba282431c027af45","_id":"de6b28abecd64a7dbf5ab0ffa33c273f"},{"name":"wkelkfn","begin":"23:24","end":"12:04","day":"Wednesday","selected":"week","professor":"wf","hall":"23","id":"07feebc21699283ddb12a4e02476cbd62551","lessonId":"50a8e2964ac27238aa43f0b87f22d6d12e5ee29ab89ce8e71409a4963f317b40818cc16bba262b36c536a4","_id":"b7e1d099e536432fbacf35bbd5cec717"},{"name":"Jhkjf:J","begin":"08:23","end":"08:01","day":"Monday","selected":"week","professor":"agf","hall":"41224","id":"07feebc21699283ddb12a4e02476cbd62551","lessonId":"50a8e2964ac27238aa43f0b87f22d6d12e5ee29ab89ce8e71409a4963f317b40818cc16b87252530c86a80","_id":"3c9579aafdf54c03949dbbf7454ae42b"},{"name":"NewLesson","begin":"01:01","end":"01:03","day":"Tuesday","selected":"week","professor":"NewProffessor","hall":"607","id":"07feebc21699283ddb12a4e02476cbd62551","lessonId":"50a8e2964ac27238aa43f0b87f22d6d12e5ee29ab89ce8e71409a4963f317b40818cc16b83283916cb23b94d3d","_id":"abdc4234262f4674b706508e9247face"}]