[{"email":"kwokf@kemd.v","password":"n","name":"Name","surname":"Surname","faculty":"LSDNGJN","course":"3","group":"3","id":"0be8eb9849e07a6ff611e7f7","_id":"a76a3540ec604383975acab7d4d39a18","status":"sjelkgnlwnelg"},{"email":"gao19997@gmail.com","password":"antongatsko","name":"Anton","surname":"Gatsko","faculty":"PM","course":"8","group":"4","id":"07feebc21699283ddb12a4e02476cbd62551","_id":"7457256d7efb40229e28c92ae4286fbc","status":"Ya S.k.jhESL Fghabwejlhb jwbhwosy "},{"email":"sjegk@dwq.c","password":"f","name":"Maksm","surname":"Stef","faculty":"FAMCS","course":"3","group":"8","id":"13f5e19444e0757dea5baa","_id":"231dee37c8214d17afeb35d6a4d740c1"}]